星期,年月日,睡眠分数,睡眠时长(分钟),轻度睡眠,深睡,休息心率,睡觉开始时间,睡觉结束时间
1,2022-06-29,77,456,26%,29%,76%,12:10,19:46
7,2022-02-20,81,454,29%,4%,95%,00:45,08:19
6,2022-02-19,75,481,11%,22%,76%,23:43,07:44
2,2022-08-21,77,486,27%,27%,73%,14:19,22:25
1,2022-05-26,74,560,23%,14%,98%,04:47,14:07
3,2022-07-11,73,469,28%,1%,95%,19:17,03:06
5,2022-04-04,82,503,15%,10%,73%,21:15,05:38
1,2022-07-15,83,501,25%,23%,88%,11:03,19:24
2,2022-03-17,75,362,12%,0%,74%,17:27,23:29
1,2022-07-14,74,420,17%,14%,96%,23:41,06:41
4,2022-01-25,74,473,20%,15%,74%,10:31,18:24
1,2022-01-21,79,426,3%,16%,89%,16:37,23:43
1,2022-05-24,98,401,21%,23%,90%,19:54,02:35
5,2022-03-05,98,478,4%,26%,93%,06:35,14:33
6,2022-08-24,76,587,25%,28%,79%,14:32,00:19
5,2022-01-22,86,580,10%,16%,94%,21:44,07:24
5,2022-07-28,84,398,21%,3%,96%,01:48,08:26
2,2022-07-04,89,402,28%,12%,74%,16:24,23:06
1,2022-01-02,80,312,28%,7%,79%,00:17,05:29
3,2022-06-19,74,524,6%,14%,85%,02:18,11:02
5,2022-08-19,70,536,19%,5%,87%,18:41,03:37
4,2022-05-01,72,559,29%,29%,78%,03:40,12:59
7,2022-06-27,91,586,2%,13%,98%,19:17,05:03
4,2022-02-24,71,390,7%,5%,89%,14:07,20:37
5,2022-05-11,87,501,13%,30%,88%,18:47,03:08
7,2022-02-28,93,487,28%,9%,97%,07:34,15:41
3,2022-01-03,87,531,8%,2%,74%,13:36,22:27
3,2022-07-07,98,542,10%,1%,100%,00:43,09:45
5,2022-08-29,88,546,18%,13%,97%,10:01,19:07
4,2022-05-06,81,463,14%,14%,74%,04:12,11:55
5,2022-08-17,97,438,23%,27%,95%,19:38,02:56
2,2022-04-22,76,425,16%,30%,70%,21:15,04:20
5,2022-06-15,87,566,2%,11%,89%,18:22,03:48
3,2022-01-02,82,543,15%,4%,81%,23:29,08:32
5,2022-05-28,98,536,4%,23%,77%,09:25,18:21
3,2022-07-28,77,428,10%,23%,80%,15:35,22:43
7,2022-07-23,72,446,23%,6%,70%,02:48,10:14
7,2022-01-20,77,577,17%,1%,72%,14:27,00:04
1,2022-03-29,81,573,26%,25%,93%,23:15,08:48
5,2022-07-26,87,527,16%,29%,97%,12:51,21:38
6,2022-03-20,78,557,28%,12%,87%,19:06,04:23
6,2022-08-07,84,359,16%,6%,92%,05:21,11:20
6,2022-07-22,99,544,30%,13%,95%,05:07,14:11
3,2022-08-22,84,394,29%,25%,91%,05:23,11:57
3,2022-03-22,90,346,28%,28%,82%,06:30,12:16
2,2022-08-08,81,434,16%,3%,84%,16:32,23:46
4,2022-02-05,71,367,26%,13%,77%,15:02,21:09
5,2022-02-28,99,434,9%,4%,99%,15:26,22:40
1,2022-02-12,84,594,22%,25%,93%,20:59,06:53
3,2022-07-04,75,472,2%,19%,90%,19:55,03:47
7,2022-03-11,71,583,12%,17%,84%,23:46,09:29
6,2022-07-21,71,341,19%,6%,94%,21:47,03:28
7,2022-07-13,89,417,30%,12%,86%,04:11,11:08
2,2022-08-19,70,531,14%,15%,77%,21:55,06:46
6,2022-02-13,90,447,12%,28%,82%,00:45,08:12
7,2022-02-08,79,566,19%,20%,76%,19:24,04:50
6,2022-07-14,71,477,17%,25%,71%,04:12,12:09
5,2022-07-08,82,592,0%,3%,93%,11:07,20:59
1,2022-08-09,81,535,14%,2%,80%,09:19,18:14
1,2022-02-03,81,371,10%,6%,99%,08:45,14:56
6,2022-06-13,95,451,19%,28%,73%,03:56,11:27
4,2022-05-28,73,544,25%,18%,77%,03:35,12:39
5,2022-06-28,88,401,16%,21%,82%,08:56,15:37
3,2022-01-24,72,530,26%,23%,79%,14:08,22:58
7,2022-03-28,71,317,21%,29%,84%,01:39,06:56
6,2022-05-21,92,418,18%,10%,75%,20:41,03:39
7,2022-02-14,70,488,9%,24%,86%,01:34,09:42
2,2022-08-05,90,329,19%,0%,86%,22:59,04:28
3,2022-01-13,84,480,10%,4%,90%,21:56,05:56
6,2022-07-03,98,375,22%,21%,77%,11:47,18:02
7,2022-03-04,97,492,22%,6%,71%,15:58,00:10
3,2022-08-10,73,569,17%,5%,84%,11:45,21:14
6,2022-04-23,87,583,13%,7%,100%,21:43,07:26
3,2022-03-07,97,400,18%,11%,88%,16:36,23:16
6,2022-06-18,95,520,7%,5%,81%,10:04,18:44
3,2022-06-30,74,466,4%,19%,95%,19:56,03:42
6,2022-07-18,99,360,3%,3%,83%,06:53,12:53
7,2022-07-06,77,364,28%,27%,83%,16:13,22:17
5,2022-05-19,83,361,7%,17%,87%,05:04,11:05
4,2022-05-17,99,594,3%,30%,74%,19:21,05:15
3,2022-04-01,94,380,26%,21%,83%,01:23,07:43
4,2022-07-25,71,365,29%,25%,77%,17:48,23:53
5,2022-02-24,83,545,8%,4%,74%,14:39,23:44
1,2022-07-10,97,512,29%,16%,72%,13:09,21:41
2,2022-01-12,93,390,0%,28%,99%,23:52,06:22
4,2022-02-25,93,312,22%,12%,78%,10:16,15:28
5,2022-08-27,75,490,12%,8%,84%,11:11,19:21
5,2022-08-17,97,453,22%,8%,79%,13:56,21:29
1,2022-02-17,81,485,26%,12%,97%,08:15,16:20
3,2022-02-18,83,580,26%,12%,77%,13:21,23:01
3,2022-08-05,90,393,22%,16%,78%,11:06,17:39
4,2022-08-08,94,517,22%,22%,70%,02:24,11:01
7,2022-04-14,81,361,26%,0%,92%,08:30,14:31
5,2022-01-21,90,433,30%,28%,89%,13:47,21:00
3,2022-08-05,84,357,7%,20%,91%,13:36,19:33
5,2022-05-07,95,500,23%,7%,83%,03:55,12:15
6,2022-02-07,71,343,10%,12%,83%,03:01,08:44
4,2022-04-14,78,594,1%,0%,74%,10:27,20:21
4,2022-07-11,88,538,5%,11%,84%,23:39,08:37
5,2022-06-27,75,413,17%,25%,87%,15:32,22:25
3,2022-03-04,82,499,9%,0%,90%,01:38,09:57
2,2022-08-23,87,324,1%,11%,90%,22:11,03:35
5,2022-06-27,93,503,0%,7%,76%,23:37,08:00
6,2022-06-17,78,380,10%,22%,80%,15:31,21:51
1,2022-01-04,88,343,21%,11%,77%,08:30,14:13
2,2022-03-27,86,509,29%,14%,87%,23:59,08:28
4,2022-06-07,74,364,29%,13%,70%,19:33,01:37
2,2022-01-11,93,524,10%,3%,72%,14:43,23:27
6,2022-01-14,77,323,27%,10%,97%,07:04,12:27
1,2022-06-12,79,483,0%,26%,98%,22:04,06:07
2,2022-08-25,82,459,26%,18%,75%,10:05,17:44
1,2022-04-09,94,554,30%,16%,77%,23:42,08:56
1,2022-06-21,86,536,18%,18%,70%,15:08,00:04
5,2022-08-07,75,544,6%,13%,97%,00:52,09:56
4,2022-04-29,89,475,18%,21%,92%,21:52,05:47
7,2022-05-09,72,368,6%,12%,98%,16:44,22:52
5,2022-05-30,70,349,14%,2%,94%,02:33,08:22
1,2022-06-30,91,419,0%,26%,73%,11:53,18:52
7,2022-01-14,84,471,1%,29%,80%,16:56,00:47
2,2022-03-10,84,556,25%,25%,94%,00:12,09:28
4,2022-07-04,71,368,20%,24%,77%,04:24,10:32
2,2022-04-25,87,473,24%,1%,82%,07:54,15:47
5,2022-01-02,79,515,2%,30%,73%,19:10,03:45
7,2022-06-04,94,394,22%,25%,91%,00:11,06:45
7,2022-03-05,74,444,4%,26%,96%,02:39,10:03
3,2022-07-03,83,424,5%,22%,84%,11:28,18:32
2,2022-02-18,90,475,11%,15%,73%,13:08,21:03
6,2022-07-21,87,531,17%,5%,72%,21:40,06:31
7,2022-04-22,80,370,14%,21%,77%,19:56,02:06
6,2022-01-07,90,312,16%,22%,81%,18:57,00:09
3,2022-06-06,94,352,9%,20%,90%,13:16,19:08
3,2022-07-12,99,389,15%,24%,83%,03:43,10:12
3,2022-04-12,72,553,7%,23%,85%,20:26,05:39
4,2022-04-07,85,588,11%,9%,78%,20:18,06:06
6,2022-05-31,94,370,18%,5%,79%,23:01,05:11
5,2022-08-27,76,301,2%,23%,96%,18:17,23:18
1,2022-07-01,81,541,5%,13%,94%,22:40,07:41
6,2022-07-09,80,494,27%,12%,88%,17:39,01:53
4,2022-01-26,90,422,25%,23%,86%,09:07,16:09
6,2022-02-06,93,411,21%,14%,74%,11:20,18:11
5,2022-03-14,98,439,1%,21%,80%,08:05,15:24
2,2022-07-14,90,438,3%,13%,85%,00:12,07:30
7,2022-07-08,78,522,22%,2%,71%,12:08,20:50
5,2022-08-07,88,425,24%,12%,99%,02:14,09:19
4,2022-08-11,90,440,27%,12%,99%,00:22,07:42
3,2022-08-21,81,551,14%,10%,82%,20:16,05:27
5,2022-05-16,73,403,4%,1%,73%,16:25,23:08
6,2022-08-07,73,478,29%,21%,95%,14:50,22:48
2,2022-08-31,75,331,16%,23%,74%,02:45,08:16
6,2022-04-23,84,591,24%,20%,71%,06:59,16:50
1,2022-07-10,85,406,5%,5%,99%,22:27,05:13
4,2022-06-27,99,309,27%,13%,76%,20:42,01:51
6,2022-05-28,77,595,25%,28%,75%,03:10,13:05
2,2022-02-08,97,391,23%,24%,95%,15:22,21:53
5,2022-05-20,99,583,28%,2%,99%,21:03,06:46
7,2022-04-19,88,505,7%,22%,85%,08:57,17:22
4,2022-03-11,82,514,26%,26%,82%,05:53,14:27
1,2022-01-02,71,310,9%,24%,94%,21:15,02:25
2,2022-05-05,78,420,30%,19%,92%,14:44,21:44
1,2022-04-25,82,336,3%,29%,80%,19:49,01:25
5,2022-07-19,81,591,0%,9%,87%,18:37,04:28
3,2022-03-06,87,426,18%,28%,100%,19:11,02:17
3,2022-07-16,85,583,25%,11%,89%,06:34,16:17
5,2022-01-25,83,372,12%,16%,93%,05:08,11:20
3,2022-01-23,83,567,3%,3%,96%,02:13,11:40
7,2022-08-25,73,546,28%,16%,83%,06:20,15:26
6,2022-07-11,72,534,13%,21%,74%,01:29,10:23
7,2022-06-07,85,501,20%,8%,75%,20:09,04:30
6,2022-06-27,93,565,2%,11%,86%,06:05,15:30
2,2022-07-26,73,406,11%,14%,84%,22:05,04:51
6,2022-05-26,73,428,29%,4%,83%,08:05,15:13
3,2022-06-23,96,359,8%,22%,79%,01:31,07:30
1,2022-04-18,74,444,17%,6%,87%,13:03,20:27
6,2022-04-30,97,469,25%,0%,81%,05:23,13:12
5,2022-05-25,97,530,9%,1%,93%,16:08,00:58
6,2022-06-22,90,336,11%,21%,78%,08:10,13:46
6,2022-05-08,73,301,13%,9%,93%,20:04,01:05
6,2022-05-24,98,478,13%,2%,93%,13:55,21:53
4,2022-03-27,70,474,5%,30%,71%,12:52,20:46
3,2022-05-12,74,490,19%,26%,92%,06:55,15:05
2,2022-08-14,86,518,14%,27%,79%,09:55,18:33
3,2022-04-23,76,445,13%,1%,78%,07:14,14:39
4,2022-04-09,72,426,25%,20%,74%,11:31,18:37
6,2022-02-28,90,599,25%,17%,71%,20:37,06:36
5,2022-03-03,74,389,2%,13%,91%,12:26,18:55
7,2022-02-09,89,560,26%,30%,89%,21:42,07:02
5,2022-02-02,96,597,24%,13%,79%,17:57,03:54
2,2022-05-30,99,489,2%,17%,92%,20:43,04:52
5,2022-02-02,91,371,5%,26%,98%,23:44,05:55
3,2022-03-22,70,520,15%,13%,82%,19:54,04:34
2,2022-04-01,84,454,25%,23%,76%,11:31,19:05
7,2022-06-12,92,388,7%,23%,94%,22:36,05:04
7,2022-07-14,79,537,2%,21%,91%,02:14,11:11
7,2022-08-29,93,449,1%,19%,76%,23:14,06:43
4,2022-05-29,95,485,15%,10%,73%,15:50,23:55
6,2022-07-01,93,373,10%,28%,74%,03:45,09:58
7,2022-01-25,79,410,23%,29%,99%,15:53,22:43
7,2022-05-19,96,391,6%,3%,84%,09:42,16:13
1,2022-06-29,85,404,30%,25%,70%,10:32,17:16
7,2022-05-13,78,490,27%,23%,86%,03:16,11:26
4,2022-05-20,99,489,25%,17%,81%,00:02,08:11
6,2022-06-09,80,509,30%,28%,74%,02:04,10:33
2,2022-05-01,70,352,1%,20%,80%,20:26,02:18
3,2022-03-29,77,323,9%,2%,97%,15:59,21:22
4,2022-04-24,71,484,5%,17%,73%,16:52,00:56
5,2022-01-05,71,382,0%,17%,86%,01:16,07:38
1,2022-02-10,88,545,14%,30%,79%,13:31,22:36
7,2022-08-06,90,307,27%,17%,97%,11:40,16:47
3,2022-05-02,95,585,16%,5%,86%,07:06,16:51
2,2022-04-03,95,460,5%,16%,88%,02:06,09:46
5,2022-01-15,74,367,19%,8%,89%,08:22,14:29
5,2022-03-31,74,599,14%,2%,88%,05:23,15:22
2,2022-07-16,87,382,17%,4%,80%,12:43,19:05
6,2022-02-18,97,488,12%,23%,74%,16:59,01:07
7,2022-06-26,89,351,25%,28%,89%,12:54,18:45
5,2022-06-17,88,363,9%,26%,81%,01:01,07:04
3,2022-01-08,85,435,28%,6%,97%,19:12,02:27
1,2022-08-06,79,418,25%,8%,83%,07:31,14:29
1,2022-01-02,97,562,9%,26%,84%,05:20,14:42
6,2022-05-28,99,400,6%,17%,85%,06:24,13:04
6,2022-05-05,85,524,29%,26%,71%,09:48,18:32
5,2022-02-06,87,430,5%,0%,96%,04:38,11:48
7,2022-02-21,76,302,25%,7%,97%,22:54,03:56
4,2022-06-09,96,460,7%,5%,85%,21:24,05:04
6,2022-06-03,93,343,19%,25%,77%,05:14,10:57
5,2022-06-07,91,598,13%,20%,76%,17:58,03:56
5,2022-04-20,95,473,22%,5%,99%,03:17,11:10
6,2022-08-26,86,537,10%,0%,93%,09:08,18:05
6,2022-04-27,92,371,26%,22%,72%,12:18,18:29
3,2022-06-07,97,371,25%,2%,97%,01:47,07:58
2,2022-01-06,81,465,27%,17%,75%,00:01,07:46
2,2022-05-11,79,557,5%,30%,85%,22:01,07:18
5,2022-08-30,86,304,0%,14%,73%,22:18,03:22
3,2022-07-03,84,516,7%,30%,84%,22:46,07:22
4,2022-08-23,85,343,1%,9%,96%,07:50,13:33
4,2022-01-12,90,330,28%,22%,78%,20:33,02:03
2,2022-03-11,98,523,15%,10%,93%,16:58,01:41
2,2022-07-28,80,424,17%,21%,98%,07:33,14:37
1,2022-05-10,90,342,29%,8%,78%,10:39,16:21
3,2022-04-04,98,589,2%,9%,86%,19:22,05:11
7,2022-07-02,83,368,24%,3%,75%,22:07,04:15
5,2022-07-08,85,482,20%,10%,83%,00:13,08:15
6,2022-01-10,92,311,1%,24%,97%,23:46,04:57
2,2022-05-09,94,483,15%,1%,91%,14:12,22:15
4,2022-05-14,76,432,11%,28%,89%,08:23,15:35
3,2022-07-30,78,411,13%,18%,97%,15:04,21:55
7,2022-04-08,73,570,1%,12%,80%,07:17,16:47
1,2022-08-31,92,383,17%,25%,88%,19:02,01:25
6,2022-05-13,94,446,7%,5%,90%,00:56,08:22
2,2022-03-29,89,377,17%,0%,89%,22:29,04:46
4,2022-04-09,70,370,6%,17%,91%,21:59,04:09
6,2022-01-12,92,352,29%,25%,75%,00:12,06:04
5,2022-01-16,89,528,14%,22%,94%,04:17,13:05
1,2022-08-19,91,511,11%,7%,86%,02:19,10:50
5,2022-08-08,94,442,16%,25%,83%,17:44,01:06
7,2022-04-16,94,555,1%,10%,83%,14:07,23:22
3,2022-05-28,78,542,15%,2%,72%,19:14,04:16
7,2022-08-11,90,374,19%,15%,75%,01:12,07:26
3,2022-07-21,95,394,10%,8%,95%,07:07,13:41
7,2022-08-01,81,588,24%,15%,100%,00:18,10:06
1,2022-06-22,70,551,14%,20%,87%,14:29,23:40
7,2022-03-10,76,319,5%,17%,74%,16:26,21:45
7,2022-06-04,99,448,14%,2%,97%,03:49,11:17
6,2022-07-29,79,546,1%,7%,82%,18:53,03:59
5,2022-01-31,84,300,13%,2%,73%,09:22,14:22
6,2022-04-11,97,509,0%,8%,93%,21:36,06:05
3,2022-06-28,72,344,4%,22%,87%,23:03,04:47
7,2022-06-20,78,357,4%,1%,88%,21:17,03:14
7,2022-01-22,98,572,6%,22%,71%,14:59,00:31
3,2022-01-14,93,425,28%,21%,92%,17:13,00:18
3,2022-08-08,70,559,24%,7%,89%,21:42,07:01
6,2022-04-25,81,409,30%,17%,91%,04:03,10:52
3,2022-01-30,72,380,2%,24%,90%,15:15,21:35
5,2022-05-01,72,403,25%,13%,95%,02:46,09:29
6,2022-01-19,82,538,17%,21%,81%,21:30,06:28
4,2022-06-18,84,414,18%,29%,78%,02:32,09:26
3,2022-07-19,77,561,19%,12%,88%,01:26,10:47
4,2022-07-08,81,506,4%,11%,100%,16:46,01:12
6,2022-07-10,81,502,22%,6%,78%,08:57,17:19
1,2022-08-16,80,533,30%,5%,83%,14:51,23:44
7,2022-08-29,75,430,16%,6%,94%,01:30,08:40
6,2022-02-09,78,353,25%,30%,98%,14:37,20:30
6,2022-06-21,83,503,9%,20%,96%,21:06,05:29
6,2022-08-18,94,538,22%,10%,78%,23:11,08:09
2,2022-03-06,75,360,24%,13%,77%,10:27,16:27
7,2022-03-21,94,579,12%,28%,96%,01:14,10:53
3,2022-04-07,70,384,1%,26%,84%,01:44,08:08
6,2022-06-17,79,503,18%,9%,75%,15:59,00:22
4,2022-03-13,78,301,5%,27%,70%,01:28,06:29
4,2022-07-05,94,578,20%,20%,78%,03:43,13:21
4,2022-07-13,92,385,30%,23%,87%,23:52,06:17
6,2022-02-24,97,362,4%,28%,74%,19:35,01:37
6,2022-05-21,73,322,21%,24%,93%,09:46,15:08
1,2022-05-03,73,378,18%,21%,90%,01:19,07:37
5,2022-01-08,92,507,19%,12%,71%,23:58,08:25
3,2022-01-27,79,568,1%,23%,91%,17:30,02:58
2,2022-08-26,89,563,8%,3%,75%,18:06,03:29
2,2022-03-14,76,540,7%,0%,84%,15:34,00:34
2,2022-02-14,98,539,24%,4%,88%,20:04,05:03
2,2022-06-07,79,570,11%,5%,76%,16:28,01:58
2,2022-05-25,77,483,5%,30%,70%,05:10,13:13
2,2022-04-24,80,305,11%,17%,89%,20:40,01:45
7,2022-03-15,84,346,13%,3%,72%,15:11,20:57
3,2022-04-29,84,450,21%,10%,91%,11:09,18:39
4,2022-06-24,71,435,14%,26%,98%,05:57,13:12
2,2022-01-22,99,448,21%,8%,85%,22:41,06:09
5,2022-02-14,98,438,20%,15%,89%,02:26,09:44
2,2022-03-26,92,479,11%,7%,82%,01:24,09:23
3,2022-07-02,87,597,14%,25%,84%,19:52,05:49
4,2022-05-19,78,364,22%,14%,79%,20:53,02:57
5,2022-05-29,84,535,2%,18%,89%,06:42,15:37
7,2022-05-08,74,421,25%,8%,89%,21:10,04:11
2,2022-02-18,88,545,1%,8%,98%,07:02,16:07
1,2022-08-12,93,501,7%,14%,100%,00:22,08:43
5,2022-05-03,74,364,23%,10%,85%,16:49,22:53
3,2022-05-04,74,499,7%,28%,83%,20:43,05:02
5,2022-03-25,98,382,0%,7%,87%,20:54,03:16
5,2022-08-23,96,514,1%,2%,84%,02:50,11:24
4,2022-02-12,92,427,26%,15%,75%,22:51,05:58
5,2022-07-26,76,526,30%,18%,79%,23:37,08:23
6,2022-02-01,82,314,30%,27%,94%,11:37,16:51
3,2022-03-25,74,343,23%,5%,87%,21:29,03:12
6,2022-01-22,85,401,7%,6%,72%,22:35,05:16
7,2022-02-12,73,563,30%,17%,72%,18:47,04:10
3,2022-02-15,70,511,21%,1%,81%,18:58,03:29
4,2022-02-21,92,474,0%,25%,97%,05:30,13:24
2,2022-04-28,73,370,20%,19%,70%,13:26,19:36
7,2022-07-26,82,403,25%,7%,98%,02:28,09:11
5,2022-03-14,95,545,16%,18%,88%,20:42,05:47
3,2022-01-05,71,387,28%,3%,99%,07:42,14:09
5,2022-03-19,81,354,19%,1%,71%,01:26,07:20
5,2022-02-21,89,389,16%,12%,96%,20:26,02:55
4,2022-01-26,93,474,16%,25%,98%,21:40,05:34
2,2022-08-01,82,429,23%,0%,86%,01:39,08:48
7,2022-01-28,81,578,22%,20%,94%,22:29,08:07
6,2022-05-04,71,386,20%,25%,70%,02:04,08:30
5,2022-02-22,75,512,12%,20%,93%,15:57,00:29
6,2022-01-13,85,514,2%,29%,70%,08:30,17:04
1,2022-05-31,92,373,15%,27%,82%,09:14,15:27
1,2022-07-30,78,376,9%,30%,73%,09:12,15:28
3,2022-04-22,98,405,14%,15%,72%,22:16,05:01
3,2022-05-28,72,578,22%,20%,97%,20:46,06:24
3,2022-03-23,86,566,3%,22%,86%,02:32,11:58
2,2022-03-04,88,309,29%,22%,88%,17:26,22:35
3,2022-05-20,81,556,11%,4%,70%,15:18,00:34
5,2022-02-22,86,437,19%,13%,93%,10:12,17:29
2,2022-02-02,73,324,27%,8%,70%,22:59,04:23
7,2022-07-05,74,522,21%,19%,92%,05:44,14:26
7,2022-07-17,87,489,27%,23%,74%,22:10,06:19
3,2022-02-04,80,458,21%,2%,76%,09:47,17:25
7,2022-01-31,75,475,13%,13%,91%,06:22,14:17
4,2022-02-19,99,494,0%,3%,92%,17:35,01:49
2,2022-04-07,79,490,6%,10%,82%,23:56,08:06
4,2022-03-10,87,569,2%,10%,99%,15:31,01:00
4,2022-01-08,70,520,5%,27%,95%,02:45,11:25
7,2022-02-18,71,319,29%,9%,82%,23:45,05:04
6,2022-08-25,70,573,16%,22%,85%,11:57,21:30
2,2022-05-08,80,586,19%,6%,92%,18:48,04:34
1,2022-02-01,76,591,29%,12%,74%,06:51,16:42
5,2022-07-31,70,469,22%,12%,81%,14:36,22:25
5,2022-04-22,82,469,8%,5%,99%,22:36,06:25
6,2022-06-08,90,527,15%,4%,75%,08:09,16:56
6,2022-01-13,94,329,9%,4%,89%,16:13,21:42
4,2022-06-20,70,573,4%,27%,90%,09:51,19:24
1,2022-05-22,75,538,13%,2%,96%,17:26,02:24
2,2022-05-31,78,544,1%,24%,92%,22:33,07:37
6,2022-01-14,96,464,11%,19%,74%,00:12,07:56
6,2022-02-01,72,596,8%,7%,92%,00:17,10:13
4,2022-03-19,77,566,22%,23%,91%,03:49,13:15
2,2022-06-04,71,457,10%,13%,79%,07:26,15:03
1,2022-04-19,82,452,1%,26%,99%,10:49,18:21
7,2022-01-03,90,338,27%,28%,88%,07:07,12:45
4,2022-03-19,87,576,0%,19%,87%,20:47,06:23
7,2022-05-01,89,511,15%,22%,94%,06:35,15:06
7,2022-01-11,85,549,20%,3%,94%,12:46,21:55
1,2022-08-14,98,378,22%,19%,76%,09:18,15:36
7,2022-07-12,77,410,10%,16%,100%,15:29,22:19
5,2022-06-03,88,348,18%,20%,93%,19:03,00:51
3,2022-03-31,81,595,24%,11%,95%,14:50,00:45
5,2022-02-13,92,303,16%,18%,82%,12:39,17:42
5,2022-03-11,73,358,1%,10%,98%,05:38,11:36
2,2022-01-21,72,520,17%,7%,96%,21:37,06:17
4,2022-04-30,84,565,17%,1%,78%,11:12,20:37
3,2022-01-05,98,428,3%,28%,83%,21:33,04:41
4,2022-05-22,80,549,12%,1%,80%,10:03,19:12
1,2022-08-06,94,538,11%,22%,82%,08:04,17:02
6,2022-07-14,75,304,0%,28%,81%,20:31,01:35
5,2022-01-14,96,370,14%,6%,78%,07:14,13:24
6,2022-05-30,84,511,20%,5%,75%,15:34,00:05
4,2022-08-19,73,517,0%,26%,70%,13:41,22:18
7,2022-01-25,72,564,19%,12%,87%,15:29,00:53
1,2022-02-14,71,320,1%,15%,91%,00:36,05:56
5,2022-01-07,71,324,20%,17%,79%,22:29,03:53
3,2022-03-02,81,506,30%,27%,89%,13:06,21:32
4,2022-05-07,99,595,5%,8%,73%,13:20,23:15
2,2022-07-16,82,565,23%,9%,99%,11:25,20:50
6,2022-01-22,90,447,18%,13%,80%,18:57,02:24
2,2022-04-03,84,596,27%,10%,96%,22:18,08:14
1,2022-04-01,94,358,6%,28%,90%,15:37,21:35
5,2022-01-31,88,520,25%,19%,80%,19:01,03:41
5,2022-08-08,82,432,16%,13%,75%,07:19,14:31
3,2022-01-10,87,549,27%,0%,84%,19:43,04:52
3,2022-06-18,96,439,6%,8%,86%,09:35,16:54
7,2022-01-27,70,312,2%,25%,92%,00:37,05:49
5,2022-08-06,80,515,19%,8%,99%,21:40,06:15
1,2022-04-10,71,343,7%,0%,70%,08:04,13:47
4,2022-07-16,90,499,26%,18%,87%,01:50,10:09
6,2022-03-24,73,517,20%,7%,98%,11:04,19:41
1,2022-05-29,94,374,8%,26%,86%,04:04,10:18
3,2022-06-25,71,509,24%,22%,78%,12:27,20:56
3,2022-01-28,79,495,28%,6%,72%,23:08,07:23
4,2022-02-27,72,590,15%,9%,98%,02:28,12:18
3,2022-06-17,73,454,6%,9%,80%,06:29,14:03
6,2022-04-16,86,411,10%,25%,92%,15:25,22:16
3,2022-08-22,84,342,23%,15%,84%,19:28,01:10
7,2022-02-17,94,581,5%,6%,70%,20:49,06:30
5,2022-03-15,93,549,25%,24%,99%,03:15,12:24
3,2022-04-25,85,306,28%,15%,95%,22:50,03:56
6,2022-08-14,73,521,27%,21%,97%,15:12,23:53
1,2022-07-10,95,471,14%,21%,75%,15:08,22:59
4,2022-03-20,80,494,16%,18%,97%,00:37,08:51
2,2022-05-12,92,343,19%,21%,77%,21:36,03:19
1,2022-02-08,94,519,8%,27%,96%,05:19,13:58
7,2022-05-06,93,357,28%,15%,94%,16:41,22:38
1,2022-06-02,88,493,10%,25%,91%,15:37,23:50
7,2022-08-22,86,584,14%,1%,81%,03:08,12:52
2,2022-08-07,76,543,24%,26%,74%,02:27,11:30
3,2022-05-15,73,412,26%,27%,88%,15:08,22:00
2,2022-04-02,97,539,16%,14%,90%,16:43,01:42
3,2022-07-09,92,585,9%,10%,90%,03:22,13:07
5,2022-01-14,95,540,11%,13%,91%,08:32,17:32
1,2022-05-29,84,518,15%,26%,82%,01:21,09:59
1,2022-05-31,79,300,8%,12%,91%,23:16,04:16
2,2022-01-03,80,364,5%,30%,84%,00:44,06:48
5,2022-08-18,89,324,21%,16%,96%,10:41,16:05
5,2022-08-18,88,321,27%,5%,79%,16:33,21:54
5,2022-01-04,75,484,17%,19%,76%,14:56,23:00
7,2022-08-04,92,408,24%,9%,83%,05:41,12:29
3,2022-07-30,98,573,27%,11%,72%,14:21,23:54
6,2022-04-27,93,361,14%,28%,83%,19:57,01:58
4,2022-02-17,92,375,11%,18%,95%,05:13,11:28
3,2022-06-15,92,508,19%,28%,80%,00:32,09:00
5,2022-02-15,89,400,12%,26%,81%,17:34,00:14
5,2022-06-25,99,304,4%,2%,98%,03:57,09:01
5,2022-07-30,88,311,1%,27%,89%,08:36,13:47
6,2022-07-03,84,335,10%,5%,86%,01:05,06:40
1,2022-06-21,85,481,11%,1%,88%,20:53,04:54
4,2022-07-06,92,343,6%,15%,94%,05:46,11:29
1,2022-08-03,74,562,5%,5%,95%,20:03,05:25
4,2022-01-18,70,461,14%,26%,79%,13:19,21:00
1,2022-02-22,95,354,22%,19%,75%,16:27,22:21
7,2022-04-22,87,346,17%,6%,72%,18:50,00:36
6,2022-08-13,92,598,0%,24%,91%,22:37,08:35
3,2022-08-10,73,511,18%,6%,70%,19:39,04:10
7,2022-03-28,73,350,19%,21%,99%,04:05,09:55
4,2022-08-04,89,379,28%,22%,94%,15:31,21:50
6,2022-05-11,82,321,15%,14%,100%,16:40,22:01
4,2022-02-26,98,404,2%,4%,85%,18:56,01:40
3,2022-03-24,72,398,4%,5%,95%,07:09,13:47
2,2022-05-23,77,344,17%,12%,100%,22:04,03:48
7,2022-05-27,79,343,4%,26%,77%,22:25,04:08
3,2022-01-08,99,380,17%,11%,88%,14:32,20:52
4,2022-08-02,73,524,10%,4%,95%,08:15,16:59
6,2022-08-24,74,520,15%,6%,88%,12:29,21:09
5,2022-08-10,95,561,29%,17%,95%,14:17,23:38
6,2022-06-20,94,317,2%,8%,71%,07:33,12:50
6,2022-02-26,91,325,18%,17%,81%,22:27,03:52
7,2022-07-18,85,475,14%,6%,92%,07:40,15:35
5,2022-05-17,92,341,22%,15%,91%,03:42,09:23
6,2022-07-25,76,457,21%,30%,83%,00:44,08:21
3,2022-02-26,86,475,15%,16%,86%,17:16,01:11
4,2022-08-31,79,545,19%,8%,89%,05:38,14:43
4,2022-07-30,94,473,23%,11%,91%,08:07,16:00
5,2022-03-22,74,533,20%,15%,85%,18:54,03:47
3,2022-02-14,88,319,21%,13%,92%,19:21,00:40
6,2022-07-28,73,336,16%,12%,74%,17:59,23:35
2,2022-05-15,99,464,7%,19%,100%,14:27,22:11
6,2022-04-04,72,565,19%,23%,92%,09:48,19:13
3,2022-05-17,76,336,1%,21%,92%,10:12,15:48
3,2022-02-16,84,433,23%,10%,81%,10:52,18:05
2,2022-02-13,70,564,8%,1%,76%,19:18,04:42
3,2022-08-23,90,319,8%,24%,97%,10:03,15:22
1,2022-05-17,87,537,13%,26%,96%,17:47,02:44
2,2022-06-14,96,419,8%,9%,76%,11:19,18:18
2,2022-01-22,83,546,27%,26%,79%,09:25,18:31
7,2022-07-16,97,379,16%,30%,77%,11:58,18:17
2,2022-08-19,76,467,19%,22%,82%,18:41,02:28
4,2022-05-16,77,530,23%,29%,95%,10:41,19:31
1,2022-06-15,78,487,27%,7%,70%,20:24,04:31
7,2022-08-12,78,408,2%,15%,99%,11:05,17:53
3,2022-01-19,77,479,22%,25%,77%,12:08,20:07
3,2022-03-06,92,314,11%,20%,85%,15:07,20:21
5,2022-01-26,99,532,19%,16%,87%,16:43,01:35
5,2022-08-07,97,435,11%,13%,95%,11:39,18:54
7,2022-06-12,78,358,18%,13%,71%,06:07,12:05
2,2022-02-20,93,590,17%,16%,83%,14:28,00:18
6,2022-08-16,75,319,23%,16%,72%,20:27,01:46
3,2022-04-05,79,503,16%,21%,88%,10:38,19:01
6,2022-04-08,70,447,3%,9%,71%,07:30,14:57
3,2022-04-09,77,579,2%,12%,73%,00:25,10:04
1,2022-07-30,83,434,28%,7%,71%,13:11,20:25
5,2022-08-01,86,448,0%,1%,95%,20:14,03:42
7,2022-07-06,95,370,11%,28%,85%,21:29,03:39
4,2022-01-29,85,386,12%,19%,95%,02:08,08:34
7,2022-05-02,70,411,24%,2%,93%,06:36,13:27
1,2022-01-21,87,595,20%,21%,83%,08:29,18:24
1,2022-03-19,78,421,22%,17%,98%,09:16,16:17
1,2022-06-29,88,386,3%,19%,99%,10:37,17:03
5,2022-04-16,79,401,0%,22%,98%,23:19,06:00
6,2022-07-27,99,587,15%,23%,71%,04:05,13:52
4,2022-03-17,87,313,0%,16%,82%,01:21,06:34
2,2022-03-16,89,395,22%,28%,83%,09:49,16:24
7,2022-01-08,84,508,16%,4%,93%,18:22,02:50
1,2022-06-27,99,317,17%,15%,75%,02:02,07:19
2,2022-08-02,70,447,9%,0%,77%,14:43,22:10
3,2022-03-13,77,596,26%,23%,92%,04:27,14:23
1,2022-04-23,72,399,19%,22%,79%,16:53,23:32
7,2022-07-26,83,493,27%,15%,77%,20:40,04:53
1,2022-02-26,94,427,13%,4%,79%,08:56,16:03
3,2022-07-05,72,472,28%,18%,72%,09:46,17:38
4,2022-01-29,81,461,24%,27%,87%,04:02,11:43
6,2022-06-28,95,467,3%,21%,96%,09:42,17:29
5,2022-06-02,97,559,15%,6%,72%,00:11,09:30
2,2022-01-22,94,407,17%,14%,80%,20:14,03:01
4,2022-07-01,71,482,12%,12%,72%,14:42,22:44
4,2022-04-23,82,373,25%,5%,86%,22:43,04:56
5,2022-05-10,92,470,19%,14%,87%,20:21,04:11
2,2022-03-31,85,352,26%,7%,80%,16:22,22:14
6,2022-01-20,99,419,26%,1%,99%,21:46,04:45
4,2022-04-28,99,428,20%,3%,78%,06:26,13:34
6,2022-06-03,75,531,17%,24%,79%,15:03,23:54
6,2022-06-17,79,593,14%,9%,76%,06:33,16:26
4,2022-08-12,72,440,7%,15%,100%,22:22,05:42
5,2022-04-09,88,573,29%,30%,81%,02:13,11:46
6,2022-07-28,81,425,12%,18%,96%,01:34,08:39
2,2022-04-23,79,510,12%,6%,79%,03:10,11:40
2,2022-04-03,98,380,16%,12%,80%,19:42,02:02
5,2022-04-17,94,475,23%,23%,95%,23:31,07:26
2,2022-06-02,85,309,3%,15%,78%,03:29,08:38
2,2022-01-11,71,302,5%,2%,89%,05:34,10:36
4,2022-08-22,96,599,27%,18%,81%,02:37,12:36
1,2022-02-07,80,461,10%,13%,91%,07:37,15:18
3,2022-01-09,86,409,3%,20%,78%,18:06,00:55
4,2022-05-09,83,373,9%,8%,71%,03:09,09:22
1,2022-07-24,97,519,10%,25%,90%,07:17,15:56
3,2022-08-26,82,475,24%,12%,94%,20:11,04:06
2,2022-01-22,86,474,24%,25%,78%,13:26,21:20
3,2022-02-14,73,387,19%,16%,92%,07:26,13:53
6,2022-08-28,72,419,6%,23%,99%,03:08,10:07
4,2022-01-17,96,403,30%,2%,90%,06:24,13:07
3,2022-06-15,80,456,3%,24%,82%,19:45,03:21
6,2022-05-10,73,423,21%,11%,83%,01:42,08:45
7,2022-04-17,75,316,1%,1%,100%,03:30,08:46
2,2022-08-02,70,426,29%,25%,80%,08:42,15:48
7,2022-01-10,76,458,18%,27%,86%,07:43,15:21
1,2022-07-10,86,304,24%,17%,76%,04:33,09:37
1,2022-01-05,86,409,7%,6%,77%,09:54,16:43
6,2022-06-10,93,318,19%,23%,96%,05:29,10:47
5,2022-08-09,87,300,24%,2%,95%,09:32,14:32
7,2022-05-04,71,548,25%,0%,100%,23:19,08:27
1,2022-05-03,83,318,12%,2%,81%,15:15,20:33
7,2022-08-08,73,498,23%,30%,93%,00:48,09:06
3,2022-03-19,87,518,10%,22%,100%,22:08,06:46
1,2022-06-16,94,335,17%,26%,83%,12:11,17:46
1,2022-07-16,98,316,15%,25%,86%,11:23,16:39
7,2022-08-08,85,360,10%,5%,93%,21:39,03:39
4,2022-02-24,83,407,19%,26%,90%,16:02,22:49
3,2022-07-18,96,322,7%,9%,88%,10:01,15:23
5,2022-06-12,72,487,23%,19%,76%,06:05,14:12
1,2022-08-12,72,337,0%,25%,78%,20:21,01:58
6,2022-04-25,99,460,21%,2%,74%,09:58,17:38
5,2022-08-22,74,421,12%,0%,99%,21:58,04:59
3,2022-08-15,99,499,23%,6%,95%,21:47,06:06
1,2022-02-10,84,490,6%,11%,74%,19:24,03:34
6,2022-02-18,97,551,24%,13%,82%,08:07,17:18
5,2022-02-14,99,476,6%,3%,97%,21:35,05:31
4,2022-03-17,96,340,29%,27%,79%,17:09,22:49
6,2022-01-13,88,563,14%,29%,73%,22:51,08:14
2,2022-03-10,77,528,19%,16%,99%,06:05,14:53
5,2022-06-16,96,479,9%,11%,83%,22:58,06:57
7,2022-02-10,74,311,27%,17%,96%,11:24,16:35
4,2022-01-18,79,416,20%,7%,84%,12:31,19:27
4,2022-01-06,87,552,12%,11%,96%,03:04,12:16
2,2022-01-25,74,300,4%,13%,98%,08:53,13:53
7,2022-03-23,87,417,4%,11%,84%,13:45,20:42
6,2022-01-10,90,571,20%,15%,88%,11:54,21:25
5,2022-01-05,97,564,24%,2%,84%,00:51,10:15
2,2022-05-04,82,527,9%,2%,88%,08:36,17:23
4,2022-08-13,85,338,10%,18%,88%,18:44,00:22
3,2022-06-10,96,401,1%,17%,84%,07:02,13:43
4,2022-07-12,74,435,29%,4%,88%,21:47,05:02
5,2022-08-02,95,375,6%,6%,77%,05:59,12:14
4,2022-02-28,78,473,26%,23%,93%,00:41,08:34
2,2022-05-26,95,307,30%,2%,88%,13:23,18:30
5,2022-06-15,76,317,29%,28%,98%,22:53,04:10
6,2022-08-30,78,593,16%,1%,77%,04:13,14:06
7,2022-02-10,87,501,28%,24%,75%,21:57,06:18
5,2022-02-13,71,338,19%,27%,73%,06:33,12:11
1,2022-08-27,84,582,17%,5%,86%,23:25,09:07
3,2022-04-22,85,598,1%,2%,86%,14:50,00:48
6,2022-07-03,95,338,7%,2%,84%,13:23,19:01
4,2022-01-31,79,320,12%,11%,87%,02:15,07:35
7,2022-03-26,91,541,27%,3%,75%,04:15,13:16
6,2022-04-05,86,370,6%,2%,98%,16:09,22:19
3,2022-06-09,72,438,5%,2%,82%,11:18,18:36
5,2022-02-11,76,485,5%,7%,75%,00:54,08:59
7,2022-04-05,96,466,27%,14%,86%,16:52,00:38
7,2022-07-14,99,472,8%,17%,72%,23:06,06:58
7,2022-04-28,80,387,29%,8%,74%,16:59,23:26
3,2022-06-10,81,362,8%,11%,70%,04:11,10:13
5,2022-01-27,99,393,27%,10%,89%,06:01,12:34
5,2022-08-08,95,567,19%,7%,94%,14:12,23:39
4,2022-01-24,84,319,22%,11%,72%,15:17,20:36
7,2022-06-10,90,405,27%,1%,83%,11:12,17:57
1,2022-05-03,90,400,23%,22%,71%,11:46,18:26
2,2022-04-02,76,365,15%,28%,94%,17:11,23:16
6,2022-05-20,75,573,4%,27%,80%,06:03,15:36
1,2022-03-24,93,472,25%,10%,72%,18:12,02:04
4,2022-06-07,87,326,24%,28%,71%,06:11,11:37
4,2022-06-16,80,338,11%,24%,88%,23:47,05:25
4,2022-02-10,87,588,18%,9%,99%,21:08,06:56
7,2022-08-16,80,328,22%,13%,87%,19:51,01:19
6,2022-04-27,97,572,25%,22%,71%,10:32,20:04
5,2022-02-04,89,328,2%,20%,83%,04:45,10:13
5,2022-06-25,72,402,1%,8%,76%,19:42,02:24
4,2022-01-30,76,593,14%,4%,96%,22:48,08:41
3,2022-08-21,78,588,15%,30%,89%,18:28,04:16
4,2022-08-08,81,537,6%,1%,88%,10:49,19:46
5,2022-04-06,73,439,6%,18%,76%,09:04,16:23
4,2022-04-28,94,502,24%,4%,82%,14:06,22:28
4,2022-01-10,71,501,23%,4%,78%,15:48,00:09
5,2022-06-28,84,578,28%,6%,91%,00:43,10:21
6,2022-08-05,90,301,21%,2%,100%,05:41,10:42
7,2022-02-13,94,573,1%,23%,70%,13:43,23:16
1,2022-05-11,76,520,3%,8%,72%,01:12,09:52
5,2022-07-22,95,339,25%,17%,93%,04:06,09:45
4,2022-05-22,87,533,29%,7%,98%,12:52,21:45
1,2022-05-23,97,547,19%,10%,79%,18:30,03:37
4,2022-08-12,82,528,29%,14%,87%,11:35,20:23
3,2022-05-17,97,322,24%,13%,84%,22:21,03:43
4,2022-04-10,85,406,15%,0%,87%,20:52,03:38
5,2022-03-04,77,360,9%,26%,77%,03:32,09:32
5,2022-06-10,92,459,18%,2%,96%,14:26,22:05
5,2022-07-24,87,520,2%,23%,94%,06:23,15:03
2,2022-03-04,89,492,21%,17%,80%,08:50,17:02
3,2022-05-12,73,360,21%,2%,85%,07:15,13:15
3,2022-05-30,74,567,19%,21%,86%,23:33,09:00
7,2022-01-15,75,589,23%,7%,73%,13:36,23:25
3,2022-03-12,79,571,23%,5%,97%,18:19,03:50
1,2022-01-27,87,402,16%,17%,82%,19:46,02:28
4,2022-03-01,86,463,29%,21%,93%,13:51,21:34
3,2022-06-17,92,596,2%,5%,98%,12:35,22:31
5,2022-07-22,78,339,7%,2%,70%,14:52,20:31
4,2022-04-01,76,448,12%,4%,97%,22:22,05:50
2,2022-07-31,97,416,25%,20%,79%,00:17,07:13
2,2022-03-20,82,309,2%,21%,97%,01:48,06:57
7,2022-07-15,85,545,26%,5%,95%,17:29,02:34
4,2022-02-03,71,376,1%,19%,97%,18:26,00:42
2,2022-07-24,93,523,21%,8%,95%,16:48,01:31
2,2022-02-04,97,403,11%,0%,79%,08:06,14:49
7,2022-04-14,90,503,9%,30%,100%,18:44,03:07
5,2022-02-14,70,525,12%,7%,92%,08:14,16:59
3,2022-04-26,92,501,17%,7%,94%,10:44,19:05
2,2022-02-06,97,472,10%,18%,78%,06:12,14:04
6,2022-07-10,75,530,21%,11%,89%,05:35,14:25
1,2022-07-02,92,401,1%,11%,71%,16:54,23:35
2,2022-05-16,75,516,20%,17%,72%,23:32,08:08
3,2022-06-03,95,588,7%,9%,95%,17:27,03:15
1,2022-03-31,77,552,13%,15%,72%,01:19,10:31
6,2022-08-26,96,407,12%,12%,100%,21:44,04:31
6,2022-01-23,84,437,28%,2%,80%,02:40,09:57
2,2022-06-15,70,357,10%,5%,86%,15:39,21:36
1,2022-07-21,71,350,21%,11%,87%,17:32,23:22
4,2022-02-26,92,337,10%,0%,91%,08:55,14:32
5,2022-05-27,88,453,24%,5%,83%,10:51,18:24
5,2022-07-28,74,423,17%,28%,80%,16:29,23:32
6,2022-06-15,97,588,2%,18%,70%,02:19,12:07
2,2022-01-24,74,538,19%,12%,97%,22:59,07:57
6,2022-08-03,70,343,21%,17%,78%,16:02,21:45
1,2022-02-17,90,572,1%,28%,89%,18:34,04:06
6,2022-08-07,82,404,9%,18%,82%,19:49,02:33
1,2022-04-27,80,421,7%,22%,95%,09:35,16:36
2,2022-04-25,74,519,18%,22%,100%,08:02,16:41
2,2022-08-26,79,409,11%,12%,74%,07:48,14:37
2,2022-07-03,87,537,22%,19%,75%,11:59,20:56
6,2022-05-23,98,482,8%,4%,86%,02:29,10:31
4,2022-04-11,74,476,9%,27%,84%,08:18,16:14
1,2022-08-17,92,417,6%,23%,99%,04:46,11:43
2,2022-03-26,97,500,2%,19%,98%,07:32,15:52
3,2022-06-07,96,320,30%,30%,97%,02:25,07:45
1,2022-05-31,99,410,7%,11%,81%,01:55,08:45
2,2022-05-01,94,347,29%,28%,82%,02:42,08:29
4,2022-01-17,70,596,21%,20%,100%,19:16,05:12
4,2022-05-08,83,540,22%,2%,87%,23:47,08:47
1,2022-08-09,71,541,25%,27%,76%,08:03,17:04
3,2022-04-28,84,548,2%,6%,85%,03:06,12:14
7,2022-01-10,90,364,9%,20%,82%,10:55,16:59
6,2022-03-05,73,580,4%,14%,87%,07:36,17:16
7,2022-05-20,89,322,4%,22%,96%,15:42,21:04
7,2022-03-06,90,519,3%,18%,80%,12:59,21:38
5,2022-05-04,83,560,18%,3%,85%,22:46,08:06
3,2022-08-09,73,571,8%,10%,98%,21:21,06:52
6,2022-07-17,82,596,5%,21%,82%,03:25,13:21
6,2022-06-14,98,450,21%,28%,97%,23:57,07:27
2,2022-01-25,94,483,22%,26%,71%,05:41,13:44
2,2022-06-22,90,361,9%,2%,85%,17:01,23:02
1,2022-08-11,77,463,12%,16%,70%,11:38,19:21
7,2022-08-15,97,535,18%,7%,98%,05:55,14:50
1,2022-02-18,96,437,12%,15%,93%,12:08,19:25
1,2022-03-23,99,546,0%,5%,74%,01:33,10:39
5,2022-01-05,78,311,8%,3%,80%,02:51,08:02
4,2022-01-25,89,500,13%,23%,86%,12:24,20:44
4,2022-04-30,84,403,7%,3%,97%,06:41,13:24
3,2022-03-14,86,581,26%,11%,93%,05:18,14:59
5,2022-07-17,90,356,8%,13%,77%,02:12,08:08
2,2022-04-17,80,318,20%,20%,87%,19:10,00:28
1,2022-07-26,72,385,20%,3%,92%,11:40,18:05
4,2022-05-05,93,465,6%,4%,78%,04:39,12:24
3,2022-06-11,99,359,0%,3%,72%,21:43,03:42
7,2022-04-09,70,333,21%,2%,71%,07:41,13:14
1,2022-05-25,98,384,8%,24%,76%,05:29,11:53
7,2022-02-10,97,538,8%,5%,79%,03:42,12:40
2,2022-03-07,81,392,1%,24%,100%,13:41,20:13
7,2022-01-26,76,367,21%,3%,74%,13:43,19:50
7,2022-03-01,75,490,22%,12%,97%,14:27,22:37
5,2022-06-22,94,344,3%,19%,85%,20:58,02:42
6,2022-08-22,79,335,22%,13%,70%,05:46,11:21
1,2022-03-24,70,335,13%,15%,79%,08:37,14:12
5,2022-03-23,96,349,27%,4%,77%,02:48,08:37
2,2022-05-09,77,392,20%,4%,70%,10:34,17:06
4,2022-01-31,91,597,25%,25%,87%,15:34,01:31
5,2022-03-19,71,344,28%,22%,73%,13:12,18:56
2,2022-07-26,78,422,15%,18%,82%,01:54,08:56
7,2022-01-24,89,502,10%,27%,99%,11:47,20:09
1,2022-03-10,87,501,3%,27%,98%,23:59,08:20
6,2022-06-24,94,317,2%,10%,82%,19:05,00:22
2,2022-06-07,72,582,28%,23%,80%,11:12,20:54
5,2022-01-05,75,325,19%,25%,74%,11:05,16:30
1,2022-04-07,87,540,28%,3%,93%,02:28,11:28
4,2022-04-06,74,582,24%,17%,88%,07:09,16:51
3,2022-03-04,99,332,5%,2%,93%,20:22,01:54
7,2022-03-07,91,356,14%,22%,93%,18:56,00:52
2,2022-06-07,82,586,7%,18%,72%,10:22,20:08
6,2022-06-25,85,504,19%,2%,75%,00:57,09:21
4,2022-02-20,86,529,19%,4%,84%,16:45,01:34
3,2022-01-19,92,545,17%,4%,97%,02:27,11:32
1,2022-04-29,78,447,21%,26%,97%,16:06,23:33
5,2022-03-07,92,321,27%,22%,83%,09:58,15:19
3,2022-03-16,97,423,13%,8%,75%,02:11,09:14
3,2022-06-07,73,456,13%,14%,90%,20:44,04:20
7,2022-04-23,73,302,22%,23%,74%,21:57,02:59
6,2022-02-26,76,499,26%,21%,82%,13:54,22:13
5,2022-01-13,73,312,21%,20%,87%,16:03,21:15
6,2022-07-09,97,376,10%,22%,85%,18:43,00:59
7,2022-05-01,82,581,21%,14%,85%,05:49,15:30
4,2022-06-13,87,570,19%,12%,87%,01:21,10:51
7,2022-07-12,90,566,3%,28%,77%,15:26,00:52
5,2022-04-20,81,464,10%,5%,91%,17:35,01:19
4,2022-04-27,73,584,15%,29%,71%,03:14,12:58
1,2022-08-10,96,508,17%,8%,98%,17:16,01:44
4,2022-05-21,97,582,18%,8%,79%,09:02,18:44
3,2022-02-21,98,369,22%,8%,80%,20:17,02:26
6,2022-03-26,86,566,1%,2%,94%,15:10,00:36
7,2022-03-30,75,306,12%,26%,88%,02:59,08:05
3,2022-07-31,80,527,8%,0%,91%,19:33,04:20
1,2022-05-11,70,400,23%,7%,86%,11:31,18:11
3,2022-05-26,91,324,28%,1%,72%,01:04,06:28
4,2022-07-03,91,498,10%,5%,88%,07:27,15:45
5,2022-08-25,87,413,13%,0%,84%,13:58,20:51
5,2022-02-15,94,353,8%,0%,88%,04:14,10:07
6,2022-03-26,88,554,16%,15%,90%,09:38,18:52
4,2022-01-13,99,398,25%,24%,70%,08:05,14:43
4,2022-07-25,89,326,17%,11%,76%,06:30,11:56
7,2022-04-10,77,454,22%,22%,81%,06:55,14:29
4,2022-05-15,99,487,8%,16%,98%,10:33,18:40
2,2022-04-22,96,358,7%,5%,87%,18:09,00:07
4,2022-04-09,70,533,11%,0%,88%,04:55,13:48
5,2022-01-13,70,392,5%,18%,99%,08:41,15:13
3,2022-01-12,84,495,29%,1%,79%,22:07,06:22
6,2022-03-09,74,443,1%,23%,77%,23:15,06:38
7,2022-02-24,92,409,27%,0%,75%,16:41,23:30
7,2022-03-18,82,518,2%,28%,93%,16:05,00:43
5,2022-06-13,91,473,9%,21%,97%,20:05,03:58
2,2022-01-07,82,316,7%,27%,83%,11:07,16:23
4,2022-03-21,99,484,20%,16%,84%,00:59,09:03
2,2022-02-20,91,561,17%,16%,86%,21:31,06:52
5,2022-01-03,97,564,6%,11%,99%,07:25,16:49
2,2022-07-10,78,514,16%,4%,87%,20:54,05:28
1,2022-01-30,77,490,16%,5%,82%,06:53,15:03
5,2022-07-14,81,539,12%,10%,73%,05:03,14:02
3,2022-03-22,89,311,17%,14%,93%,02:24,07:35
4,2022-05-23,94,537,19%,17%,98%,19:02,03:59
6,2022-05-27,70,528,4%,19%,83%,11:23,20:11
2,2022-05-14,81,433,15%,12%,82%,22:40,05:53
4,2022-02-10,89,472,4%,8%,82%,18:25,02:17
5,2022-01-31,85,358,2%,3%,77%,14:08,20:06
6,2022-08-19,82,377,6%,30%,77%,02:33,08:50
5,2022-06-18,92,435,25%,27%,77%,03:28,10:43
1,2022-03-06,99,330,17%,25%,71%,18:07,23:37
1,2022-08-04,72,309,3%,14%,74%,00:19,05:28
3,2022-01-09,91,399,29%,25%,98%,10:11,16:50
5,2022-05-22,73,439,4%,9%,88%,05:39,12:58
4,2022-07-25,94,306,5%,17%,85%,00:34,05:40
1,2022-04-28,93,389,26%,4%,100%,17:35,00:04
6,2022-04-14,77,543,0%,9%,78%,11:23,20:26
1,2022-08-10,70,351,13%,28%,71%,08:56,14:47
5,2022-07-05,87,537,29%,23%,81%,22:13,07:10
5,2022-06-08,82,540,20%,1%,84%,18:54,03:54
6,2022-07-28,85,565,7%,21%,73%,20:19,05:44
4,2022-03-30,74,545,28%,28%,88%,21:36,06:41
2,2022-06-05,93,471,28%,5%,74%,23:19,07:10
3,2022-01-07,96,455,24%,28%,84%,01:19,08:54
6,2022-08-16,95,347,11%,24%,96%,04:18,10:05
1,2022-01-07,91,330,8%,12%,90%,09:31,15:01
2,2022-07-10,86,553,11%,1%,100%,07:38,16:51
7,2022-05-09,78,568,2%,13%,96%,08:28,17:56
2,2022-03-13,72,358,4%,6%,70%,12:33,18:31
2,2022-03-03,72,403,23%,11%,84%,16:03,22:46
1,2022-01-31,99,378,25%,9%,89%,04:27,10:45
3,2022-04-30,80,595,23%,30%,78%,00:47,10:42
3,2022-03-02,72,503,7%,22%,93%,18:40,03:03
5,2022-03-20,96,505,23%,4%,78%,14:31,22:56
5,2022-01-29,88,539,2%,22%,75%,07:45,16:44
7,2022-03-10,98,432,0%,6%,80%,16:42,23:54
5,2022-03-23,77,434,29%,11%,97%,22:06,05:20
7,2022-04-14,91,459,29%,7%,89%,18:25,02:04
5,2022-08-23,80,354,12%,17%,99%,19:08,01:02
1,2022-02-26,74,403,24%,12%,75%,18:51,01:34
5,2022-04-15,72,430,27%,2%,99%,03:24,10:34
5,2022-04-03,96,345,24%,7%,98%,20:38,02:23
5,2022-04-08,97,594,13%,15%,93%,21:48,07:42
5,2022-05-11,70,344,4%,14%,80%,19:21,01:05
2,2022-07-02,85,471,10%,29%,89%,19:34,03:25
1,2022-03-17,77,513,9%,7%,89%,16:10,00:43
3,2022-08-10,96,425,5%,20%,96%,21:38,04:43
2,2022-02-08,88,372,16%,27%,100%,23:08,05:20
1,2022-02-22,85,409,23%,5%,100%,12:08,18:57
6,2022-07-16,96,384,15%,27%,71%,08:02,14:26
2,2022-04-09,88,362,16%,27%,95%,00:09,06:11
3,2022-04-01,81,457,15%,30%,73%,22:59,06:36
3,2022-06-06,95,508,8%,8%,73%,06:34,15:02
3,2022-02-02,73,427,24%,0%,87%,20:30,03:37
7,2022-04-10,75,442,27%,13%,97%,18:04,01:26
7,2022-07-31,90,531,20%,24%,73%,21:08,05:59
3,2022-08-15,70,551,23%,28%,97%,03:46,12:57
7,2022-04-19,90,524,11%,29%,98%,08:06,16:50
6,2022-05-09,85,403,10%,2%,76%,14:13,20:56
4,2022-05-04,76,321,22%,2%,77%,22:28,03:49
4,2022-05-14,91,430,23%,18%,92%,00:23,07:33
2,2022-03-12,77,552,6%,6%,91%,14:23,23:35
2,2022-08-11,92,461,23%,0%,78%,20:12,03:53
3,2022-06-20,81,455,27%,0%,70%,08:35,16:10
2,2022-01-17,94,580,28%,28%,86%,23:57,09:37
3,2022-05-19,84,474,5%,17%,70%,15:16,23:10
2,2022-04-16,81,499,26%,24%,72%,15:33,23:52
3,2022-02-18,96,400,19%,27%,99%,06:21,13:01
5,2022-03-02,86,564,9%,22%,81%,13:08,22:32
1,2022-03-28,98,504,9%,19%,97%,04:14,12:38
6,2022-07-23,92,576,27%,26%,74%,12:26,22:02
7,2022-02-10,74,517,25%,7%,97%,10:01,18:38
1,2022-02-26,71,597,13%,28%,82%,07:15,17:12
6,2022-01-30,78,596,30%,9%,77%,20:09,06:05
6,2022-06-02,89,323,29%,5%,70%,23:39,05:02
3,2022-01-02,96,367,14%,5%,97%,04:39,10:46
5,2022-04-24,79,442,1%,9%,75%,07:25,14:47
6,2022-08-20,80,597,9%,29%,92%,16:57,02:54
5,2022-05-20,70,529,16%,4%,84%,01:07,09:56
4,2022-07-12,88,462,11%,25%,93%,02:04,09:46
7,2022-01-27,93,307,25%,22%,91%,04:46,09:53
7,2022-08-18,97,338,25%,29%,77%,19:35,01:13
7,2022-07-20,77,475,20%,6%,80%,08:10,16:05
7,2022-02-18,75,456,12%,1%,82%,17:16,00:52
7,2022-02-01,94,335,16%,21%,94%,10:06,15:41
5,2022-06-07,99,427,30%,8%,85%,03:58,11:05
5,2022-05-21,97,427,21%,16%,85%,05:35,12:42
5,2022-07-20,94,372,22%,19%,91%,06:19,12:31
2,2022-04-09,82,571,12%,26%,72%,07:41,17:12
7,2022-08-30,73,595,21%,25%,83%,17:09,03:04
6,2022-01-09,72,595,6%,16%,79%,02:42,12:37
4,2022-02-08,87,429,25%,1%,84%,08:26,15:35
7,2022-06-09,98,375,5%,3%,88%,21:33,03:48
1,2022-06-12,86,325,13%,23%,85%,13:37,19:02
3,2022-08-27,70,379,26%,4%,73%,23:55,06:14
6,2022-01-09,76,444,12%,24%,92%,05:14,12:38
3,2022-08-19,79,455,3%,22%,86%,16:26,00:01
2,2022-03-29,73,471,23%,1%,76%,21:19,05:10
1,2022-04-19,76,553,0%,2%,97%,22:48,08:01
4,2022-02-23,91,339,28%,25%,96%,03:09,08:48
5,2022-08-17,85,343,25%,26%,92%,10:30,16:13
6,2022-06-14,86,393,11%,7%,83%,16:51,23:24
3,2022-05-18,74,398,22%,19%,77%,20:30,03:08
6,2022-01-25,82,313,20%,25%,70%,13:21,18:34
3,2022-06-21,90,460,21%,11%,76%,04:01,11:41
2,2022-02-12,95,342,6%,9%,98%,05:57,11:39
3,2022-06-18,94,533,11%,24%,95%,11:07,20:00
1,2022-04-16,79,536,2%,30%,95%,08:25,17:21
2,2022-07-19,83,399,4%,10%,83%,14:31,21:10
5,2022-02-03,74,529,27%,4%,79%,06:03,14:52
1,2022-05-19,93,456,16%,20%,93%,16:01,23:37
7,2022-01-20,82,404,5%,25%,100%,13:20,20:04
4,2022-04-28,77,488,8%,13%,70%,13:31,21:39
6,2022-02-20,71,518,9%,14%,82%,21:24,06:02
1,2022-02-11,88,311,30%,27%,84%,13:11,18:22
1,2022-04-07,93,593,16%,23%,98%,06:34,16:27
1,2022-05-18,72,366,9%,4%,99%,19:17,01:23
6,2022-01-14,74,554,23%,4%,93%,06:58,16:12
7,2022-06-02,89,492,5%,25%,97%,04:39,12:51
1,2022-07-07,97,524,29%,19%,72%,14:26,23:10
6,2022-04-24,90,557,4%,25%,86%,07:18,16:35
6,2022-03-05,82,437,9%,7%,88%,10:21,17:38
6,2022-02-19,91,595,17%,1%,99%,03:16,13:11
7,2022-04-19,76,545,6%,17%,72%,05:24,14:29
3,2022-03-23,81,338,25%,27%,93%,07:56,13:34
2,2022-03-12,86,313,27%,2%,84%,10:51,16:04
3,2022-05-04,85,585,26%,13%,80%,21:55,07:40
7,2022-06-07,72,574,29%,13%,84%,16:04,01:38
7,2022-03-06,90,512,6%,24%,77%,03:42,12:14
1,2022-06-03,77,569,8%,5%,86%,08:20,17:49
4,2022-01-06,93,594,30%,1%,94%,18:37,04:31
5,2022-04-28,89,309,25%,23%,91%,12:06,17:15
2,2022-04-23,96,380,14%,12%,76%,01:13,07:33
2,2022-07-08,73,341,23%,23%,100%,07:05,12:46
2,2022-06-07,77,416,27%,4%,82%,05:19,12:15
7,2022-07-25,89,381,16%,26%,83%,04:32,10:53
3,2022-03-16,94,595,2%,0%,90%,01:50,11:45
7,2022-05-05,89,456,13%,10%,94%,07:34,15:10
4,2022-03-25,82,448,6%,21%,75%,17:01,00:29
5,2022-08-30,93,393,10%,19%,72%,12:18,18:51
5,2022-04-25,79,596,3%,24%,80%,06:41,16:37
5,2022-05-14,97,496,12%,30%,84%,01:11,09:27
3,2022-04-22,87,596,15%,4%,91%,13:28,23:24
5,2022-01-13,83,416,22%,27%,90%,17:35,00:31
1,2022-05-18,95,383,26%,8%,89%,11:08,17:31
1,2022-05-25,93,307,8%,17%,74%,05:52,10:59
1,2022-01-21,86,424,0%,28%,80%,04:34,11:38
4,2022-01-04,70,554,25%,28%,99%,09:13,18:27
7,2022-08-24,79,335,11%,26%,92%,22:48,04:23
7,2022-01-24,88,453,1%,20%,100%,01:30,09:03
1,2022-06-20,91,504,7%,8%,100%,11:26,19:50
4,2022-06-27,72,405,14%,20%,97%,07:34,14:19
3,2022-06-19,92,597,23%,14%,82%,14:47,00:44
3,2022-08-16,71,498,19%,1%,92%,11:59,20:17
3,2022-03-23,79,511,12%,10%,80%,20:31,05:02
6,2022-08-01,85,505,22%,27%,100%,06:44,15:09
2,2022-05-24,86,340,5%,0%,71%,01:50,07:30
1,2022-03-22,85,371,4%,23%,100%,14:59,21:10
3,2022-04-08,76,466,9%,6%,98%,08:10,15:56
3,2022-08-26,96,505,22%,2%,96%,06:15,14:40
2,2022-03-07,94,515,22%,18%,91%,16:15,00:50
7,2022-05-18,95,595,30%,20%,71%,00:42,10:37
4,2022-08-20,87,585,12%,11%,76%,06:48,16:33
5,2022-05-14,97,400,22%,2%,94%,20:40,03:20
4,2022-04-05,93,565,2%,28%,100%,09:43,19:08
6,2022-04-16,71,344,15%,1%,70%,09:34,15:18
5,2022-05-17,88,355,0%,2%,71%,10:38,16:33
6,2022-04-12,75,467,26%,13%,79%,05:47,13:34
3,2022-07-13,78,518,27%,27%,88%,11:44,20:22
3,2022-06-10,80,318,4%,0%,87%,04:59,10:17
1,2022-05-08,86,551,17%,8%,82%,01:22,10:33
6,2022-01-25,72,367,19%,2%,77%,03:38,09:45
7,2022-01-21,80,559,9%,11%,90%,02:04,11:23
7,2022-05-11,75,301,1%,29%,74%,04:56,09:57
1,2022-06-07,79,445,10%,9%,99%,01:34,08:59
6,2022-01-18,82,310,14%,5%,81%,02:33,07:43
7,2022-04-23,70,477,4%,6%,82%,21:14,05:11
5,2022-01-22,91,509,12%,4%,81%,00:36,09:05
6,2022-07-11,81,327,29%,8%,72%,14:38,20:05
7,2022-02-15,99,329,7%,3%,79%,04:58,10:27
3,2022-06-06,96,306,19%,1%,92%,01:15,06:21
6,2022-02-02,86,361,10%,14%,92%,18:48,00:49
6,2022-01-14,77,413,15%,10%,82%,22:36,05:29
6,2022-02-26,78,447,9%,28%,99%,02:51,10:18
6,2022-06-19,86,345,6%,13%,83%,04:34,10:19
1,2022-01-24,78,534,25%,22%,80%,01:37,10:31
7,2022-07-22,93,315,20%,5%,89%,19:13,00:28
6,2022-07-01,97,365,3%,20%,96%,01:20,07:25
7,2022-07-02,98,585,16%,20%,97%,03:28,13:13
1,2022-01-14,71,526,19%,15%,73%,19:49,04:35
4,2022-03-28,85,358,25%,8%,82%,06:55,12:53
7,2022-08-03,97,543,23%,6%,95%,10:17,19:20
4,2022-02-20,97,444,24%,22%,85%,16:43,00:07
3,2022-02-21,97,436,10%,0%,90%,19:13,02:29
6,2022-01-25,77,538,8%,26%,98%,13:11,22:09
6,2022-03-01,72,555,24%,20%,79%,14:33,23:48
4,2022-05-01,72,512,17%,28%,76%,13:18,21:50
2,2022-08-20,82,337,17%,6%,94%,18:42,00:19
6,2022-06-23,73,314,19%,20%,90%,18:07,23:21
1,2022-04-06,76,419,1%,26%,96%,11:28,18:27
1,2022-06-02,92,553,20%,22%,99%,10:26,19:39
4,2022-03-11,85,563,25%,11%,86%,22:18,07:41
7,2022-02-22,99,305,13%,0%,89%,21:12,02:17
1,2022-03-15,73,439,28%,14%,98%,01:41,09:00
7,2022-05-09,71,502,20%,25%,78%,03:38,12:00
2,2022-03-22,87,538,14%,28%,74%,01:45,10:43
6,2022-08-04,86,538,27%,5%,74%,14:37,23:35
2,2022-08-30,97,530,0%,20%,97%,14:49,23:39
7,2022-06-06,95,381,5%,17%,70%,01:46,08:07
4,2022-07-25,72,303,24%,8%,87%,07:58,13:01
4,2022-03-06,74,365,7%,20%,87%,02:49,08:54
7,2022-01-17,93,339,7%,18%,84%,13:06,18:45
